{
  "GOLD_SHARED": {
    "category": "GOLD_SHARED",
    "min_pct": [
      0.05,
      0.051000000000000004,
      0.052000000000000005,
      0.053000000000000005,
      0.054000000000000006,
      0.055,
      0.056,
      0.057,
      0.058,
      0.059000000000000004,
      0.060000000000000005,
      0.061,
      0.062,
      0.063,
      0.064,
      0.065,
      0.066,
      0.067,
      0.068,
      0.069,
      0.07,
      0.07100000000000001,
      0.07200000000000001,
      0.07300000000000001,
      0.07400000000000001,
      0.07500000000000001,
      0.07600000000000001,
      0.077,
      0.078,
      0.079,
      0.08,
      0.081,
      0.082,
      0.083,
      0.084,
      0.085,
      0.08600000000000001,
      0.087,
      0.088,
      0.089,
      0.09,
      0.091,
      0.092,
      0.093,
      0.094,
      0.095,
      0.096,
      0.097,
      0.098,
      0.099,
      0.1,
      0.101,
      0.10200000000000001,
      0.10300000000000001,
      0.10400000000000001,
      0.10500000000000001,
      0.10600000000000001,
      0.10700000000000001,
      0.10800000000000001,
      0.10900000000000001,
      0.11,
      0.111,
      0.112,
      0.113,
      0.114,
      0.115,
      0.116,
      0.117,
      0.11800000000000001,
      0.11900000000000001,
      0.12000000000000001,
      0.12100000000000001,
      0.12200000000000001,
      0.123,
      0.124,
      0.125,
      0.126,
      0.127,
      0.128,
      0.129,
      0.13,
      0.131,
      0.132,
      0.133,
      0.134,
      0.135,
      0.136,
      0.137,
      0.138,
      0.139,
      0.14,
      0.14100000000000001,
      0.14200000000000002,
      0.14300000000000002,
      0.14400000000000002,
      0.14500000000000002,
      0.14600000000000002,
      0.14700000000000002,
      0.14800000000000002
    ],
    "max_pct": [
      0.15,
      0.151,
      0.152,
      0.153,
      0.154,
      0.155,
      0.156,
      0.157,
      0.158,
      0.159,
      0.16,
      0.161,
      0.162,
      0.163,
      0.164,
      0.16499999999999998,
      0.16599999999999998,
      0.16699999999999998,
      0.16799999999999998,
      0.16899999999999998,
      0.16999999999999998,
      0.17099999999999999,
      0.172,
      0.173,
      0.174,
      0.175,
      0.176,
      0.177,
      0.178,
      0.179,
      0.18,
      0.181,
      0.182,
      0.183,
      0.184,
      0.185,
      0.186,
      0.187,
      0.188,
      0.189,
      0.19,
      0.191,
      0.192,
      0.193,
      0.194,
      0.195,
      0.196,
      0.197,
      0.198,
      0.199,
      0.2,
      0.201,
      0.202,
      0.20299999999999999,
      0.204,
      0.205,
      0.206,
      0.207,
      0.208,
      0.209,
      0.21,
      0.211,
      0.212,
      0.213,
      0.214,
      0.215,
      0.216,
      0.217,
      0.218,
      0.219,
      0.22,
      0.221,
      0.222,
      0.22299999999999998,
      0.22399999999999998,
      0.22499999999999998,
      0.22599999999999998,
      0.22699999999999998,
      0.22799999999999998,
      0.22899999999999998,
      0.22999999999999998,
      0.23099999999999998,
      0.23199999999999998,
      0.23299999999999998,
      0.23399999999999999,
      0.235,
      0.236,
      0.237,
      0.238,
      0.239,
      0.24,
      0.241,
      0.242,
      0.243,
      0.244,
      0.245,
      0.246,
      0.247,
      0.248
    ]
  },
  "BLUE_SHARED": {
    "category": "BLUE_SHARED",
    "min_pct": [
      0.05,
      0.051000000000000004,
      0.052000000000000005,
      0.053000000000000005,
      0.054000000000000006,
      0.055,
      0.056,
      0.057,
      0.058,
      0.059000000000000004,
      0.060000000000000005,
      0.061,
      0.062,
      0.063,
      0.064,
      0.065,
      0.066,
      0.067,
      0.068,
      0.069,
      0.07,
      0.07100000000000001,
      0.07200000000000001,
      0.07300000000000001,
      0.07400000000000001,
      0.07500000000000001,
      0.07600000000000001,
      0.077,
      0.078,
      0.079,
      0.08,
      0.081,
      0.082,
      0.083,
      0.084,
      0.085,
      0.08600000000000001,
      0.087,
      0.088,
      0.089,
      0.09,
      0.091,
      0.092,
      0.093,
      0.094,
      0.095,
      0.096,
      0.097,
      0.098,
      0.099,
      0.1,
      0.101,
      0.10200000000000001,
      0.10300000000000001,
      0.10400000000000001,
      0.10500000000000001,
      0.10600000000000001,
      0.10700000000000001,
      0.10800000000000001,
      0.10900000000000001,
      0.11,
      0.111,
      0.112,
      0.113,
      0.114,
      0.115,
      0.116,
      0.117,
      0.11800000000000001,
      0.11900000000000001,
      0.12000000000000001,
      0.12100000000000001,
      0.12200000000000001,
      0.123,
      0.124,
      0.125,
      0.126,
      0.127,
      0.128,
      0.129,
      0.13,
      0.131,
      0.132,
      0.133,
      0.134,
      0.135,
      0.136,
      0.137,
      0.138,
      0.139,
      0.14,
      0.14100000000000001,
      0.14200000000000002,
      0.14300000000000002,
      0.14400000000000002,
      0.14500000000000002,
      0.14600000000000002,
      0.14700000000000002,
      0.14800000000000002
    ],
    "max_pct": [
      0.15,
      0.151,
      0.152,
      0.153,
      0.154,
      0.155,
      0.156,
      0.157,
      0.158,
      0.159,
      0.16,
      0.161,
      0.162,
      0.163,
      0.164,
      0.16499999999999998,
      0.16599999999999998,
      0.16699999999999998,
      0.16799999999999998,
      0.16899999999999998,
      0.16999999999999998,
      0.17099999999999999,
      0.172,
      0.173,
      0.174,
      0.175,
      0.176,
      0.177,
      0.178,
      0.179,
      0.18,
      0.181,
      0.182,
      0.183,
      0.184,
      0.185,
      0.186,
      0.187,
      0.188,
      0.189,
      0.19,
      0.191,
      0.192,
      0.193,
      0.194,
      0.195,
      0.196,
      0.197,
      0.198,
      0.199,
      0.2,
      0.201,
      0.202,
      0.20299999999999999,
      0.204,
      0.205,
      0.206,
      0.207,
      0.208,
      0.209,
      0.21,
      0.211,
      0.212,
      0.213,
      0.214,
      0.215,
      0.216,
      0.217,
      0.218,
      0.219,
      0.22,
      0.221,
      0.222,
      0.22299999999999998,
      0.22399999999999998,
      0.22499999999999998,
      0.22599999999999998,
      0.22699999999999998,
      0.22799999999999998,
      0.22899999999999998,
      0.22999999999999998,
      0.23099999999999998,
      0.23199999999999998,
      0.23299999999999998,
      0.23399999999999999,
      0.235,
      0.236,
      0.237,
      0.238,
      0.239,
      0.24,
      0.241,
      0.242,
      0.243,
      0.244,
      0.245,
      0.246,
      0.247,
      0.248
    ]
  },
  "UNIQUE": {
    "category": "UNIQUE",
    "min_pct": [
      0.05,
      0.060000000000000005,
      0.07,
      0.08,
      0.09,
      0.1,
      0.11,
      0.12000000000000001,
      0.13
    ],
    "max_pct": [
      0.15,
      0.16,
      0.16999999999999998,
      0.18,
      0.19,
      0.2,
      0.21,
      0.22,
      0.22999999999999998
    ]
  }
}